teller_id,name,branch_id
TL01,Andrew Uche,BR06
TL02,Amina Wilson,BR01
TL03,Joy Hassan,BR05
TL04,Kemi Balogun,BR04
TL05,Funke Okafor,BR03
TL06,Paul Igwe,BR03
TL07,Zainab Yusuf,BR01
TL08,Musa Brown,BR02
TL09,Chinedu Taylor,BR07
TL10,Linda Bello,BR01
TL11,Chinedu Nwosu,BR02
TL12,Halima Suleiman,BR02
