deposit_id,teller_id,branch_id,date,amount_received,amount_recorded
DP0001,TL11,BR02,2024-10-03,109000,109000
DP0002,TL06,BR03,2024-12-22,160000,160000
DP0003,TL01,BR06,2024-02-12,143000,143000
DP0004,TL07,BR01,2024-09-01,156500,156500
DP0005,TL10,BR01,2024-11-24,99000,99000
DP0006,TL12,BR02,2024-12-05,22000,22000
DP0007,TL05,BR03,2024-12-19,92000,92000
DP0008,TL07,BR01,2024-04-30,173000,171000
DP0009,TL06,BR03,2024-10-20,94000,94000
DP0010,TL09,BR07,2024-08-08,46500,46500
DP0011,TL01,BR06,2024-12-11,133500,133500
DP0012,TL07,BR01,2024-02-22,12000,12000
DP0013,TL09,BR07,2024-12-22,57000,57000
DP0014,TL05,BR03,2024-09-12,10000,10000
DP0015,TL06,BR03,2024-01-27,155000,155000
DP0016,TL09,BR07,2024-06-22,118500,118500
DP0017,TL05,BR03,2024-09-03,117500,117500
DP0018,TL04,BR04,2024-10-08,43500,43500
DP0019,TL06,BR03,2024-04-22,47500,47500
DP0020,TL10,BR01,2024-06-23,2500,2500
DP0021,TL03,BR05,2024-09-13,62500,62500
DP0022,TL01,BR06,2024-07-03,64000,64000
DP0023,TL09,BR07,2024-06-14,129500,129500
DP0024,TL11,BR02,2024-04-27,72500,72500
DP0025,TL09,BR07,2024-11-17,129500,129500
DP0026,TL06,BR03,2024-08-15,68000,68000
DP0027,TL12,BR02,2024-11-11,42500,42500
DP0028,TL01,BR06,2024-09-20,72000,72000
DP0029,TL11,BR02,2024-04-19,179000,179000
DP0030,TL12,BR02,2024-01-15,73500,73500
DP0031,TL11,BR02,2024-03-08,1500,1500
DP0032,TL09,BR07,2024-05-03,69000,69000
DP0033,TL04,BR04,2024-01-31,112000,112000
DP0034,TL09,BR07,2024-05-12,146500,146500
DP0035,TL01,BR06,2024-02-17,107500,107500
DP0036,TL07,BR01,2024-07-07,51500,51500
DP0037,TL11,BR02,2024-03-23,189000,189000
DP0038,TL01,BR06,2024-01-16,177000,177000
DP0039,TL01,BR06,2024-09-30,19500,19500
DP0040,TL04,BR04,2024-12-29,98000,98000
DP0041,TL06,BR03,2024-12-18,49000,49000
DP0042,TL11,BR02,2024-11-08,139500,139500
DP0043,TL02,BR01,2024-12-24,55000,55000
DP0044,TL11,BR02,2024-02-06,101500,101500
DP0045,TL07,BR01,2024-03-13,92000,90000
DP0046,TL11,BR02,2024-06-08,24000,24000
DP0047,TL12,BR02,2024-12-03,47000,47000
DP0048,TL11,BR02,2024-01-16,112500,112500
DP0049,TL04,BR04,2024-09-05,125500,125500
DP0050,TL03,BR05,2024-06-23,15500,15500
DP0051,TL08,BR02,2024-02-19,62000,62000
DP0052,TL04,BR04,2024-07-06,2500,2500
DP0053,TL05,BR03,2024-05-31,52500,52500
DP0054,TL04,BR04,2024-09-13,133000,133000
DP0055,TL12,BR02,2024-08-25,86000,86000
DP0056,TL07,BR01,2024-08-23,156000,156000
DP0057,TL08,BR02,2024-04-26,13500,13500
DP0058,TL07,BR01,2024-09-23,138500,138500
DP0059,TL11,BR02,2024-02-24,113500,113500
DP0060,TL09,BR07,2024-06-28,147000,147000
DP0061,TL12,BR02,2024-09-12,5000,5000
DP0062,TL06,BR03,2024-03-10,162500,162500
DP0063,TL08,BR02,2024-03-09,58500,58500
DP0064,TL05,BR03,2024-07-05,127500,127500
DP0065,TL05,BR03,2024-11-02,105500,105500
DP0066,TL05,BR03,2024-11-06,100500,100500
DP0067,TL06,BR03,2024-11-24,38500,38500
DP0068,TL01,BR06,2024-07-12,169500,169500
DP0069,TL07,BR01,2024-07-27,109500,109500
DP0070,TL07,BR01,2024-04-03,127000,127000
DP0071,TL03,BR05,2024-02-26,53500,53500
DP0072,TL05,BR03,2024-11-30,134500,134500
DP0073,TL12,BR02,2024-06-05,184000,184000
DP0074,TL03,BR05,2024-04-18,80500,80500
DP0075,TL12,BR02,2024-01-22,7000,7000
DP0076,TL01,BR06,2024-04-10,44500,44500
DP0077,TL12,BR02,2024-04-04,76500,76500
DP0078,TL05,BR03,2024-11-06,140500,140500
DP0079,TL02,BR01,2024-10-01,94000,94000
DP0080,TL04,BR04,2024-01-04,115500,115500
DP0081,TL11,BR02,2024-09-15,33000,33000
DP0082,TL08,BR02,2024-07-01,163500,163500
DP0083,TL11,BR02,2024-09-21,100000,100000
DP0084,TL01,BR06,2024-01-11,184000,184000
DP0085,TL03,BR05,2024-07-06,126500,126500
DP0086,TL12,BR02,2024-12-15,27000,27000
DP0087,TL07,BR01,2024-02-06,141000,141000
DP0088,TL03,BR05,2024-02-25,90000,90000
DP0089,TL07,BR01,2024-05-07,22500,22500
DP0090,TL01,BR06,2024-10-16,29500,29500
DP0091,TL10,BR01,2024-01-15,186500,186500
DP0092,TL10,BR01,2024-08-31,59000,59000
DP0093,TL11,BR02,2024-06-21,53500,53500
DP0094,TL07,BR01,2024-05-03,167000,167000
DP0095,TL07,BR01,2024-01-31,23000,23000
DP0096,TL11,BR02,2024-03-03,93500,93500
DP0097,TL08,BR02,2024-05-22,154500,154500
DP0098,TL01,BR06,2024-09-04,51500,51500
DP0099,TL07,BR01,2024-06-11,188000,183000
DP0100,TL06,BR03,2024-09-05,153000,153000
DP0101,TL06,BR03,2024-11-21,50500,50500
DP0102,TL09,BR07,2024-04-28,159500,159500
DP0103,TL06,BR03,2024-10-15,99500,99500
DP0104,TL03,BR05,2024-08-13,139000,139000
DP0105,TL12,BR02,2024-08-02,72000,72000
DP0106,TL02,BR01,2024-11-19,31500,31500
DP0107,TL08,BR02,2024-03-20,45000,45000
DP0108,TL10,BR01,2024-07-12,159500,159500
DP0109,TL06,BR03,2024-06-18,80000,80000
DP0110,TL09,BR07,2024-03-29,154000,154000
DP0111,TL10,BR01,2024-06-14,103000,103000
DP0112,TL10,BR01,2024-03-13,94500,94500
DP0113,TL05,BR03,2024-12-02,87000,87000
DP0114,TL11,BR02,2024-06-17,102500,102500
DP0115,TL11,BR02,2024-12-09,138500,138500
DP0116,TL09,BR07,2024-03-24,26500,26500
DP0117,TL08,BR02,2024-03-28,24000,24000
DP0118,TL08,BR02,2024-12-18,59500,59500
DP0119,TL04,BR04,2024-11-22,49000,49000
DP0120,TL02,BR01,2024-04-03,164000,164000
DP0121,TL08,BR02,2024-08-22,191000,191000
DP0122,TL03,BR05,2024-08-26,124500,124500
DP0123,TL07,BR01,2024-05-02,93000,92000
DP0124,TL10,BR01,2024-09-05,135500,135500
DP0125,TL09,BR07,2024-11-11,169500,169500
DP0126,TL12,BR02,2024-06-05,87500,87500
DP0127,TL03,BR05,2024-12-08,7000,7000
DP0128,TL05,BR03,2024-05-28,100500,100500
DP0129,TL08,BR02,2024-09-23,39500,39500
DP0130,TL07,BR01,2024-08-04,148500,146500
DP0131,TL07,BR01,2024-02-29,14000,9000
DP0132,TL09,BR07,2024-04-17,79500,79500
DP0133,TL02,BR01,2024-07-13,200000,200000
DP0134,TL09,BR07,2024-02-17,126500,126500
DP0135,TL04,BR04,2024-07-13,38000,38000
DP0136,TL09,BR07,2024-09-27,66500,66500
DP0137,TL06,BR03,2024-04-16,49000,49000
DP0138,TL09,BR07,2024-05-13,28500,28500
DP0139,TL01,BR06,2024-08-15,137500,137500
DP0140,TL02,BR01,2024-04-04,126000,126000
DP0141,TL10,BR01,2024-06-03,165500,165500
DP0142,TL01,BR06,2024-07-23,127000,127000
DP0143,TL02,BR01,2024-09-24,20500,20500
DP0144,TL08,BR02,2024-10-08,144500,144500
DP0145,TL07,BR01,2024-07-31,140000,138000
DP0146,TL03,BR05,2024-02-07,7000,7000
DP0147,TL09,BR07,2024-06-08,174500,174500
DP0148,TL04,BR04,2024-09-20,77500,77500
DP0149,TL12,BR02,2024-12-13,101500,101500
DP0150,TL11,BR02,2024-11-28,12500,12500
DP0151,TL06,BR03,2024-02-12,178000,178000
DP0152,TL11,BR02,2024-02-28,32500,32500
DP0153,TL03,BR05,2024-03-09,17000,17000
DP0154,TL09,BR07,2024-10-07,137000,137000
DP0155,TL06,BR03,2024-01-10,58000,58000
DP0156,TL11,BR02,2024-10-18,38000,38000
DP0157,TL08,BR02,2024-03-26,180000,180000
DP0158,TL05,BR03,2024-08-10,193000,194000
DP0159,TL04,BR04,2024-11-14,44000,44000
DP0160,TL06,BR03,2024-11-09,92500,92500
DP0161,TL08,BR02,2024-06-15,96000,96000
DP0162,TL01,BR06,2024-09-28,145500,145500
DP0163,TL10,BR01,2024-06-01,143000,143000
DP0164,TL10,BR01,2024-01-30,144000,144000
DP0165,TL06,BR03,2024-12-04,62000,62000
DP0166,TL12,BR02,2024-02-14,53000,53000
DP0167,TL02,BR01,2024-08-08,157000,157000
DP0168,TL11,BR02,2024-01-24,88000,88000
DP0169,TL07,BR01,2024-01-27,57000,57000
DP0170,TL11,BR02,2024-09-02,81500,81500
DP0171,TL04,BR04,2024-02-18,57000,57000
DP0172,TL11,BR02,2024-03-24,123500,123500
DP0173,TL09,BR07,2024-08-27,52500,52500
DP0174,TL09,BR07,2024-06-21,199500,199500
DP0175,TL04,BR04,2024-12-15,174500,174500
DP0176,TL03,BR05,2024-08-17,136500,136500
DP0177,TL03,BR05,2024-07-29,30000,30000
DP0178,TL04,BR04,2024-02-06,46000,46000
DP0179,TL06,BR03,2024-12-16,121000,121000
DP0180,TL08,BR02,2024-12-01,133000,133000
DP0181,TL07,BR01,2024-11-28,52000,51000
DP0182,TL10,BR01,2024-12-25,37500,37500
DP0183,TL03,BR05,2024-10-27,186000,186000
DP0184,TL11,BR02,2024-08-29,44500,44500
DP0185,TL12,BR02,2024-03-12,125000,125000
DP0186,TL03,BR05,2024-08-23,23500,23500
DP0187,TL10,BR01,2024-04-27,178500,178500
DP0188,TL03,BR05,2024-03-15,127500,127500
DP0189,TL05,BR03,2024-05-06,133000,133000
DP0190,TL09,BR07,2024-02-10,162000,162000
DP0191,TL07,BR01,2024-10-06,42500,42500
DP0192,TL10,BR01,2024-11-03,172000,172000
DP0193,TL01,BR06,2024-03-05,116000,116000
DP0194,TL04,BR04,2024-10-12,162000,162000
DP0195,TL03,BR05,2024-01-10,173000,173000
DP0196,TL01,BR06,2024-03-13,32000,32000
DP0197,TL07,BR01,2024-11-29,77500,77500
DP0198,TL12,BR02,2024-09-18,138000,138000
DP0199,TL03,BR05,2024-03-24,76500,76500
DP0200,TL07,BR01,2024-01-06,7500,7500
DP0201,TL03,BR05,2024-05-16,28500,28500
DP0202,TL06,BR03,2024-07-02,68000,68000
DP0203,TL02,BR01,2024-08-12,169000,169000
DP0204,TL10,BR01,2024-12-24,191000,191000
DP0205,TL07,BR01,2024-07-04,105000,105000
DP0206,TL02,BR01,2024-04-27,28000,28000
DP0207,TL12,BR02,2024-05-11,84000,84000
DP0208,TL08,BR02,2024-03-02,123000,123000
DP0209,TL02,BR01,2024-08-12,103000,102500
DP0210,TL08,BR02,2024-07-20,174500,174500
DP0211,TL12,BR02,2024-12-20,196500,196500
DP0212,TL02,BR01,2024-03-21,24500,24500
DP0213,TL10,BR01,2024-08-17,115000,115000
DP0214,TL05,BR03,2024-04-30,142000,142000
DP0215,TL01,BR06,2024-06-10,1500,1500
DP0216,TL08,BR02,2024-12-31,101000,101000
DP0217,TL03,BR05,2024-07-30,35500,35500
DP0218,TL03,BR05,2024-07-14,21000,21000
DP0219,TL01,BR06,2024-06-30,82500,82500
DP0220,TL02,BR01,2024-01-11,80000,80000
DP0221,TL02,BR01,2024-05-16,87000,87000
DP0222,TL04,BR04,2024-04-15,16000,16000
DP0223,TL12,BR02,2024-04-26,159000,159000
DP0224,TL05,BR03,2024-12-16,28500,28500
DP0225,TL11,BR02,2024-01-12,186000,186000
DP0226,TL06,BR03,2024-07-07,138000,138000
DP0227,TL04,BR04,2024-11-14,45000,45000
DP0228,TL02,BR01,2024-10-13,24000,24000
DP0229,TL06,BR03,2024-11-17,123000,123000
DP0230,TL03,BR05,2024-08-06,185000,185000
DP0231,TL02,BR01,2024-06-05,48500,48500
DP0232,TL08,BR02,2024-02-01,194000,194000
DP0233,TL01,BR06,2024-09-19,122000,122000
DP0234,TL12,BR02,2024-12-27,62500,62500
DP0235,TL01,BR06,2024-08-03,80500,80500
DP0236,TL11,BR02,2024-06-17,107000,107000
DP0237,TL02,BR01,2024-12-11,11000,11000
DP0238,TL02,BR01,2024-11-24,16000,16000
DP0239,TL07,BR01,2024-09-27,200000,200000
DP0240,TL08,BR02,2024-10-23,128000,128000
DP0241,TL04,BR04,2024-03-08,141000,141000
DP0242,TL11,BR02,2024-08-26,51000,51000
DP0243,TL06,BR03,2024-04-29,44500,44500
DP0244,TL08,BR02,2024-02-07,72500,72500
DP0245,TL04,BR04,2024-11-13,38500,38500
DP0246,TL01,BR06,2024-11-26,44500,44500
DP0247,TL07,BR01,2024-12-05,58000,58000
DP0248,TL07,BR01,2024-10-08,42500,40500
DP0249,TL08,BR02,2024-08-12,82500,82500
DP0250,TL03,BR05,2024-10-03,6000,6000
DP0251,TL02,BR01,2024-05-11,64000,64000
DP0252,TL12,BR02,2024-08-19,106000,106000
DP0253,TL06,BR03,2024-08-10,161000,161000
DP0254,TL11,BR02,2024-01-03,17500,17500
DP0255,TL02,BR01,2024-09-24,164500,164500
DP0256,TL02,BR01,2024-01-17,138000,138000
DP0257,TL03,BR05,2024-02-01,196500,196500
DP0258,TL01,BR06,2024-08-12,32500,32500
DP0259,TL10,BR01,2024-07-15,8500,8500
DP0260,TL01,BR06,2024-04-12,46000,46000
DP0261,TL07,BR01,2024-07-12,27500,25500
DP0262,TL09,BR07,2024-04-16,49000,49000
DP0263,TL06,BR03,2024-03-21,63500,63500
DP0264,TL04,BR04,2024-08-20,186500,186500
DP0265,TL04,BR04,2024-02-28,196500,196500
DP0266,TL09,BR07,2024-10-20,16000,16000
DP0267,TL03,BR05,2024-07-11,111500,111500
DP0268,TL06,BR03,2024-11-02,32000,32000
DP0269,TL09,BR07,2024-08-09,128000,128000
DP0270,TL01,BR06,2024-05-16,174500,174500
DP0271,TL08,BR02,2024-06-18,115500,115500
DP0272,TL05,BR03,2024-12-18,1000,1000
DP0273,TL09,BR07,2024-03-05,108500,108500
DP0274,TL02,BR01,2024-01-15,10500,10500
DP0275,TL09,BR07,2024-04-28,166500,166500
DP0276,TL03,BR05,2024-11-04,12000,13000
DP0277,TL10,BR01,2024-06-26,123000,123000
DP0278,TL02,BR01,2024-03-30,163000,163000
DP0279,TL05,BR03,2024-11-10,152000,152000
DP0280,TL08,BR02,2024-09-07,46500,46500
DP0281,TL06,BR03,2024-01-19,145000,145000
DP0282,TL02,BR01,2024-07-22,117000,117000
DP0283,TL04,BR04,2024-12-28,146000,146000
DP0284,TL11,BR02,2024-05-31,81000,81000
DP0285,TL08,BR02,2024-07-21,35500,35500
DP0286,TL05,BR03,2024-03-13,161500,161500
DP0287,TL02,BR01,2024-02-04,178000,178000
DP0288,TL04,BR04,2024-10-25,191500,191500
DP0289,TL07,BR01,2024-12-21,32000,31500
DP0290,TL10,BR01,2024-09-03,25500,25500
DP0291,TL09,BR07,2024-05-05,174000,174000
DP0292,TL06,BR03,2024-08-10,107500,107500
DP0293,TL03,BR05,2024-10-04,176000,176000
DP0294,TL10,BR01,2024-05-15,189500,189500
DP0295,TL05,BR03,2024-08-23,75000,75000
DP0296,TL05,BR03,2024-03-16,127500,127500
DP0297,TL09,BR07,2024-04-27,51500,51500
DP0298,TL04,BR04,2024-01-06,156000,156000
DP0299,TL01,BR06,2024-11-05,148500,148500
DP0300,TL09,BR07,2024-08-23,161500,161500
DP0301,TL08,BR02,2024-11-10,45500,45500
DP0302,TL10,BR01,2024-03-02,168000,168000
DP0303,TL05,BR03,2024-09-15,139500,139500
DP0304,TL07,BR01,2024-10-21,185500,185500
DP0305,TL06,BR03,2024-12-29,84000,84000
DP0306,TL05,BR03,2024-11-09,168500,168500
DP0307,TL06,BR03,2024-01-07,158000,158000
DP0308,TL08,BR02,2024-05-23,45500,45500
DP0309,TL08,BR02,2024-09-19,7500,7500
DP0310,TL12,BR02,2024-10-04,34000,34000
DP0311,TL06,BR03,2024-12-11,42000,42000
DP0312,TL10,BR01,2024-02-16,189500,189500
DP0313,TL09,BR07,2024-03-12,147500,147500
DP0314,TL05,BR03,2024-09-17,184000,184000
DP0315,TL07,BR01,2024-10-12,2500,1500
DP0316,TL07,BR01,2024-02-22,175000,175000
DP0317,TL04,BR04,2024-05-23,178000,178000
DP0318,TL08,BR02,2024-04-22,91500,91500
DP0319,TL09,BR07,2024-12-02,28000,28000
DP0320,TL06,BR03,2024-08-16,144000,144000
DP0321,TL02,BR01,2024-01-17,111000,111000
DP0322,TL09,BR07,2024-08-04,35000,35000
DP0323,TL10,BR01,2024-05-03,164000,164000
DP0324,TL04,BR04,2024-06-02,187500,187500
DP0325,TL12,BR02,2024-07-27,156500,156500
DP0326,TL12,BR02,2024-10-25,68500,68500
DP0327,TL09,BR07,2024-12-21,32000,32000
DP0328,TL07,BR01,2024-12-28,100500,100000
DP0329,TL04,BR04,2024-03-25,21000,20000
DP0330,TL09,BR07,2024-09-18,175500,175500
DP0331,TL11,BR02,2024-09-04,27000,27000
DP0332,TL10,BR01,2024-05-22,59000,59000
DP0333,TL11,BR02,2024-01-12,167000,167000
DP0334,TL05,BR03,2024-07-03,2000,2000
DP0335,TL10,BR01,2024-06-22,49000,49000
DP0336,TL12,BR02,2024-01-24,131000,131000
DP0337,TL11,BR02,2024-11-29,8500,8500
DP0338,TL07,BR01,2024-08-10,117500,117500
DP0339,TL09,BR07,2024-03-18,188000,188000
DP0340,TL01,BR06,2024-10-05,135000,135000
DP0341,TL11,BR02,2024-07-19,96500,96500
DP0342,TL09,BR07,2024-03-07,105500,105500
DP0343,TL06,BR03,2024-11-28,141000,141000
DP0344,TL09,BR07,2024-11-05,152000,152000
DP0345,TL01,BR06,2024-01-30,95500,95500
DP0346,TL05,BR03,2024-02-25,135500,135500
DP0347,TL10,BR01,2024-06-16,72500,72500
DP0348,TL01,BR06,2024-02-05,198000,198000
DP0349,TL03,BR05,2024-01-12,65000,65000
DP0350,TL02,BR01,2024-12-08,106500,106500
DP0351,TL10,BR01,2024-02-19,152000,152000
DP0352,TL09,BR07,2024-11-02,57000,57000
DP0353,TL09,BR07,2024-09-20,119500,119500
DP0354,TL02,BR01,2024-07-05,129000,129000
DP0355,TL09,BR07,2024-06-14,145500,145500
DP0356,TL07,BR01,2024-12-11,14000,14000
DP0357,TL12,BR02,2024-08-08,10500,10500
DP0358,TL09,BR07,2024-02-27,200000,200000
DP0359,TL01,BR06,2024-12-08,92000,92000
DP0360,TL06,BR03,2024-01-27,80000,80000
DP0361,TL05,BR03,2024-12-26,170000,170000
DP0362,TL06,BR03,2024-02-15,142000,142000
DP0363,TL07,BR01,2024-02-21,166500,164500
DP0364,TL05,BR03,2024-09-10,21000,21000
DP0365,TL02,BR01,2024-06-24,181500,181500
DP0366,TL08,BR02,2024-02-02,172000,172000
DP0367,TL09,BR07,2024-01-02,115000,115000
DP0368,TL09,BR07,2024-04-09,82000,82000
DP0369,TL06,BR03,2024-03-05,147500,147500
DP0370,TL08,BR02,2024-06-24,41500,41500
DP0371,TL08,BR02,2024-03-29,97000,97000
DP0372,TL07,BR01,2024-02-26,7000,7000
DP0373,TL04,BR04,2024-12-20,19500,19500
DP0374,TL01,BR06,2024-11-18,24500,24500
DP0375,TL08,BR02,2024-02-27,59000,59000
DP0376,TL05,BR03,2024-07-25,117000,117000
DP0377,TL01,BR06,2024-02-18,47000,47000
DP0378,TL12,BR02,2024-05-10,52000,52000
DP0379,TL09,BR07,2024-12-17,188500,188500
DP0380,TL03,BR05,2024-06-29,155500,155500
DP0381,TL04,BR04,2024-01-27,145500,145500
DP0382,TL07,BR01,2024-12-09,183500,183500
DP0383,TL02,BR01,2024-09-20,40000,40000
DP0384,TL08,BR02,2024-09-08,65500,65500
DP0385,TL09,BR07,2024-09-21,66000,66000
DP0386,TL05,BR03,2024-02-07,61500,61500
DP0387,TL11,BR02,2024-04-05,55500,55500
DP0388,TL09,BR07,2024-08-04,83000,83000
DP0389,TL01,BR06,2024-11-06,100000,100000
DP0390,TL01,BR06,2024-04-13,128000,128000
DP0391,TL08,BR02,2024-03-11,70000,70000
DP0392,TL03,BR05,2024-12-20,147000,147000
DP0393,TL08,BR02,2024-12-21,48000,48000
DP0394,TL03,BR05,2024-06-07,179000,179000
DP0395,TL11,BR02,2024-02-25,28000,28000
DP0396,TL09,BR07,2024-09-01,182000,182000
DP0397,TL09,BR07,2024-02-22,29000,29000
DP0398,TL09,BR07,2024-06-20,5000,5000
DP0399,TL12,BR02,2024-05-26,90500,90500
DP0400,TL10,BR01,2024-04-12,164500,164500
DP0401,TL03,BR05,2024-03-15,112000,112000
DP0402,TL12,BR02,2024-04-02,149000,149000
DP0403,TL09,BR07,2024-03-29,149000,149000
DP0404,TL09,BR07,2024-03-07,100500,100500
DP0405,TL08,BR02,2024-01-15,37500,37500
DP0406,TL09,BR07,2024-07-10,36000,36000
DP0407,TL04,BR04,2024-07-24,77500,77500
DP0408,TL12,BR02,2024-06-04,114500,114500
DP0409,TL09,BR07,2024-05-29,20500,20500
DP0410,TL11,BR02,2024-02-20,28500,28000
DP0411,TL05,BR03,2024-02-28,140500,140500
DP0412,TL08,BR02,2024-05-18,100500,100500
DP0413,TL02,BR01,2024-09-19,130000,130000
DP0414,TL03,BR05,2024-06-18,115000,115000
DP0415,TL02,BR01,2024-04-09,171000,171000
DP0416,TL08,BR02,2024-12-10,35000,35000
DP0417,TL01,BR06,2024-09-26,166000,166000
DP0418,TL10,BR01,2024-03-04,66000,66000
DP0419,TL04,BR04,2024-03-24,99000,99000
DP0420,TL02,BR01,2024-03-24,14000,14000
DP0421,TL04,BR04,2024-01-25,128500,128500
DP0422,TL02,BR01,2024-10-04,119000,119000
DP0423,TL03,BR05,2024-04-05,98000,98000
DP0424,TL11,BR02,2024-06-19,37500,37500
DP0425,TL04,BR04,2024-09-30,6500,6500
DP0426,TL03,BR05,2024-07-09,91500,91500
DP0427,TL07,BR01,2024-03-18,66500,66500
DP0428,TL11,BR02,2024-04-26,175000,175000
DP0429,TL08,BR02,2024-05-22,194500,194500
DP0430,TL02,BR01,2024-11-21,90500,90500
DP0431,TL01,BR06,2024-12-27,140500,140500
DP0432,TL11,BR02,2024-01-07,133000,133000
DP0433,TL06,BR03,2024-09-14,193000,193000
DP0434,TL12,BR02,2024-12-20,127000,127000
DP0435,TL07,BR01,2024-05-15,34000,32000
DP0436,TL06,BR03,2024-03-25,120000,120000
DP0437,TL02,BR01,2024-11-09,181000,181000
DP0438,TL11,BR02,2024-08-13,164500,164500
DP0439,TL03,BR05,2024-03-24,8500,8500
DP0440,TL09,BR07,2024-08-24,18000,18000
DP0441,TL07,BR01,2024-04-17,46500,46000
DP0442,TL12,BR02,2024-11-18,188500,188500
DP0443,TL07,BR01,2024-05-14,175000,175000
DP0444,TL10,BR01,2024-01-12,143500,143500
DP0445,TL10,BR01,2024-11-28,12000,12000
DP0446,TL10,BR01,2024-10-12,124500,124500
DP0447,TL03,BR05,2024-06-19,196500,196500
DP0448,TL06,BR03,2024-10-15,66500,66500
DP0449,TL11,BR02,2024-07-19,158500,158500
DP0450,TL07,BR01,2024-08-06,30000,30000
DP0451,TL11,BR02,2024-11-18,75500,75500
DP0452,TL04,BR04,2024-09-25,96000,96000
DP0453,TL08,BR02,2024-04-01,40500,40500
DP0454,TL02,BR01,2024-12-24,171000,171000
DP0455,TL12,BR02,2024-10-23,157000,157000
DP0456,TL09,BR07,2024-11-13,3000,3000
DP0457,TL01,BR06,2024-02-04,106500,106500
DP0458,TL06,BR03,2024-12-14,36500,36500
DP0459,TL05,BR03,2024-06-19,40000,40000
DP0460,TL02,BR01,2024-05-08,159000,159000
DP0461,TL04,BR04,2024-08-12,44500,44500
DP0462,TL07,BR01,2024-08-31,181000,181000
DP0463,TL10,BR01,2024-03-14,74000,74500
DP0464,TL05,BR03,2024-10-29,171000,171000
DP0465,TL04,BR04,2024-04-10,85000,85000
DP0466,TL09,BR07,2024-09-07,90500,90500
DP0467,TL03,BR05,2024-04-23,64000,64000
DP0468,TL07,BR01,2024-05-19,66500,66500
DP0469,TL09,BR07,2024-05-09,72500,72500
DP0470,TL06,BR03,2024-12-27,65000,65000
DP0471,TL11,BR02,2024-08-25,135500,135500
DP0472,TL06,BR03,2024-05-21,196000,196000
DP0473,TL07,BR01,2024-05-08,176500,176500
DP0474,TL01,BR06,2024-08-04,108500,108500
DP0475,TL05,BR03,2024-08-06,135500,135500
DP0476,TL04,BR04,2024-06-12,98000,98000
DP0477,TL08,BR02,2024-12-27,10000,10000
DP0478,TL07,BR01,2024-09-10,28500,28500
DP0479,TL02,BR01,2024-01-15,41500,41500
DP0480,TL09,BR07,2024-10-12,79500,79500
DP0481,TL11,BR02,2024-04-16,177500,177500
DP0482,TL10,BR01,2024-01-29,62000,62000
DP0483,TL08,BR02,2024-09-16,26000,26000
DP0484,TL06,BR03,2024-08-17,69500,69500
DP0485,TL11,BR02,2024-04-23,39000,39000
DP0486,TL07,BR01,2024-10-20,17000,17000
DP0487,TL08,BR02,2024-12-08,95500,95500
DP0488,TL03,BR05,2024-09-30,59500,59500
DP0489,TL01,BR06,2024-04-11,64000,64000
DP0490,TL07,BR01,2024-10-14,115500,115500
DP0491,TL07,BR01,2024-03-11,189000,189000
DP0492,TL06,BR03,2024-04-07,58000,58000
DP0493,TL07,BR01,2024-04-02,150500,150500
DP0494,TL03,BR05,2024-12-30,96000,96000
DP0495,TL11,BR02,2024-02-28,61500,61500
DP0496,TL12,BR02,2024-05-11,37500,37500
DP0497,TL08,BR02,2024-03-01,26000,26000
DP0498,TL04,BR04,2024-05-24,144500,144500
DP0499,TL01,BR06,2024-04-11,153000,153000
DP0500,TL04,BR04,2024-01-17,53500,53500
DP0501,TL03,BR05,2024-01-30,94500,94500
DP0502,TL12,BR02,2024-11-16,136000,136000
DP0503,TL08,BR02,2024-10-07,114000,114000
DP0504,TL12,BR02,2024-05-17,67500,67500
DP0505,TL09,BR07,2024-10-31,162500,162500
DP0506,TL02,BR01,2024-08-02,5500,5500
DP0507,TL12,BR02,2024-08-08,42000,42000
DP0508,TL02,BR01,2024-10-13,111500,111500
DP0509,TL10,BR01,2024-08-21,112000,112000
DP0510,TL07,BR01,2024-10-01,9500,8500
DP0511,TL10,BR01,2024-11-05,66500,66500
DP0512,TL09,BR07,2024-02-24,47500,47500
DP0513,TL02,BR01,2024-10-15,165000,165000
DP0514,TL11,BR02,2024-07-08,62000,62000
DP0515,TL02,BR01,2024-05-02,199000,199000
DP0516,TL11,BR02,2024-07-24,67500,67500
DP0517,TL02,BR01,2024-06-25,30000,30000
DP0518,TL04,BR04,2024-07-26,125000,125000
DP0519,TL01,BR06,2024-02-13,42000,42000
DP0520,TL03,BR05,2024-09-12,111000,111000
DP0521,TL07,BR01,2024-02-07,42500,42500
DP0522,TL04,BR04,2024-05-08,1000,1000
DP0523,TL03,BR05,2024-06-06,156500,156500
DP0524,TL07,BR01,2024-09-10,51000,51000
DP0525,TL07,BR01,2024-08-01,124000,124000
DP0526,TL10,BR01,2024-02-21,41500,41500
DP0527,TL11,BR02,2024-02-05,60500,60500
DP0528,TL05,BR03,2024-11-05,65500,65500
DP0529,TL02,BR01,2024-09-13,116000,116000
DP0530,TL01,BR06,2024-03-14,32000,32000
DP0531,TL09,BR07,2024-06-13,47500,47500
DP0532,TL09,BR07,2024-09-06,73000,73000
DP0533,TL06,BR03,2024-02-24,24000,24000
DP0534,TL09,BR07,2024-05-30,148000,148000
DP0535,TL06,BR03,2024-12-16,6000,6000
DP0536,TL08,BR02,2024-08-13,32500,32500
DP0537,TL12,BR02,2024-09-21,57000,57000
DP0538,TL10,BR01,2024-02-01,130500,130500
DP0539,TL03,BR05,2024-04-14,73000,73000
DP0540,TL06,BR03,2024-02-09,141500,141500
DP0541,TL05,BR03,2024-02-22,184500,184500
DP0542,TL10,BR01,2024-02-19,43000,43000
DP0543,TL02,BR01,2024-06-12,53500,53500
DP0544,TL05,BR03,2024-06-17,122500,122500
DP0545,TL07,BR01,2024-05-07,44500,44500
DP0546,TL06,BR03,2024-01-14,69500,69500
DP0547,TL10,BR01,2024-03-24,94000,94000
DP0548,TL10,BR01,2024-02-23,55500,55500
DP0549,TL12,BR02,2024-12-29,155000,155000
DP0550,TL12,BR02,2024-12-08,54000,54000
DP0551,TL09,BR07,2024-01-04,68000,68000
DP0552,TL03,BR05,2024-09-14,74500,74500
DP0553,TL09,BR07,2024-11-19,24500,24500
DP0554,TL11,BR02,2024-10-19,56500,56500
DP0555,TL01,BR06,2024-04-28,196000,196000
DP0556,TL02,BR01,2024-09-06,98000,98000
DP0557,TL11,BR02,2024-11-08,4500,4500
DP0558,TL09,BR07,2024-11-29,80500,80500
DP0559,TL12,BR02,2024-06-30,109000,109000
DP0560,TL01,BR06,2024-09-16,147000,147000
DP0561,TL09,BR07,2024-01-19,5000,5000
DP0562,TL05,BR03,2024-07-24,147000,147000
DP0563,TL10,BR01,2024-12-18,57000,57000
DP0564,TL01,BR06,2024-05-11,170500,170500
DP0565,TL11,BR02,2024-08-31,27500,27500
DP0566,TL02,BR01,2024-03-11,169500,169500
DP0567,TL04,BR04,2024-10-05,123000,123000
DP0568,TL09,BR07,2024-06-25,93000,93000
DP0569,TL04,BR04,2024-09-10,186000,186000
DP0570,TL03,BR05,2024-07-13,106000,106000
DP0571,TL05,BR03,2024-10-08,18000,18000
DP0572,TL02,BR01,2024-09-11,183500,183500
DP0573,TL12,BR02,2024-09-12,22000,22000
DP0574,TL08,BR02,2024-06-17,3500,3500
DP0575,TL02,BR01,2024-01-01,7000,7000
DP0576,TL03,BR05,2024-02-12,71500,71500
DP0577,TL09,BR07,2024-11-20,56500,55500
DP0578,TL05,BR03,2024-12-20,24000,24000
DP0579,TL11,BR02,2024-01-15,88000,88000
DP0580,TL06,BR03,2024-03-07,50000,50000
DP0581,TL02,BR01,2024-12-02,52000,52000
DP0582,TL01,BR06,2024-12-22,185000,185000
DP0583,TL03,BR05,2024-04-15,83500,83500
DP0584,TL05,BR03,2024-08-04,75500,75500
DP0585,TL01,BR06,2024-10-30,68000,68000
DP0586,TL07,BR01,2024-09-17,33000,33000
DP0587,TL08,BR02,2024-10-16,149500,149500
DP0588,TL08,BR02,2024-03-01,19000,19000
DP0589,TL02,BR01,2024-05-16,24500,24500
DP0590,TL10,BR01,2024-01-24,44500,44500
DP0591,TL05,BR03,2024-08-04,66500,66500
DP0592,TL10,BR01,2024-10-08,68500,68500
DP0593,TL09,BR07,2024-04-16,100500,100500
DP0594,TL10,BR01,2024-12-24,151500,151500
DP0595,TL05,BR03,2024-06-02,195000,195000
DP0596,TL05,BR03,2024-03-28,54000,54000
DP0597,TL02,BR01,2024-06-12,148500,148500
DP0598,TL08,BR02,2024-02-29,198500,198500
DP0599,TL07,BR01,2024-09-05,197500,197500
DP0600,TL07,BR01,2024-06-19,172000,170000
DP0601,TL12,BR02,2024-06-20,200000,200000
DP0602,TL12,BR02,2024-02-22,66000,66000
DP0603,TL07,BR01,2024-05-12,132000,131500
DP0604,TL01,BR06,2024-07-22,63500,63500
DP0605,TL10,BR01,2024-07-17,35500,35500
DP0606,TL03,BR05,2024-09-15,86500,86500
DP0607,TL05,BR03,2024-08-01,129500,129500
DP0608,TL06,BR03,2024-07-22,194000,194000
DP0609,TL05,BR03,2024-12-14,164500,164500
DP0610,TL02,BR01,2024-09-19,137500,137500
DP0611,TL04,BR04,2024-07-01,31500,31500
DP0612,TL04,BR04,2024-05-20,139500,140000
DP0613,TL08,BR02,2024-07-01,7000,7000
DP0614,TL12,BR02,2024-09-23,182000,182000
DP0615,TL02,BR01,2024-06-04,51000,51000
DP0616,TL06,BR03,2024-08-03,130000,130000
DP0617,TL06,BR03,2024-09-26,156500,156500
DP0618,TL11,BR02,2024-04-10,193000,193000
DP0619,TL11,BR02,2024-07-20,48000,48000
DP0620,TL07,BR01,2024-05-25,19000,19000
DP0621,TL12,BR02,2024-11-04,164500,164500
DP0622,TL01,BR06,2024-06-13,187500,187500
DP0623,TL10,BR01,2024-07-07,105500,105500
DP0624,TL02,BR01,2024-06-08,26500,26500
DP0625,TL10,BR01,2024-01-30,130500,130500
DP0626,TL06,BR03,2024-05-21,92500,92500
DP0627,TL10,BR01,2024-05-27,103000,103000
DP0628,TL05,BR03,2024-02-27,194500,194500
DP0629,TL11,BR02,2024-08-23,75000,75000
DP0630,TL02,BR01,2024-03-21,73000,73000
DP0631,TL10,BR01,2024-05-26,131000,131000
DP0632,TL11,BR02,2024-08-01,87500,87500
DP0633,TL04,BR04,2024-10-23,170500,170500
DP0634,TL12,BR02,2024-03-31,81000,81000
DP0635,TL11,BR02,2024-12-22,59000,59000
DP0636,TL03,BR05,2024-05-02,65000,65000
DP0637,TL04,BR04,2024-08-17,74500,74500
DP0638,TL11,BR02,2024-04-26,175000,175000
DP0639,TL02,BR01,2024-01-18,184000,184000
DP0640,TL05,BR03,2024-12-20,20500,20500
DP0641,TL06,BR03,2024-02-12,105500,105500
DP0642,TL03,BR05,2024-05-20,46500,46500
DP0643,TL03,BR05,2024-07-06,52500,52500
DP0644,TL04,BR04,2024-02-26,103000,103000
DP0645,TL10,BR01,2024-04-09,106500,106500
DP0646,TL06,BR03,2024-11-16,92000,92000
DP0647,TL06,BR03,2024-06-07,136000,136000
DP0648,TL03,BR05,2024-10-14,134500,134500
DP0649,TL05,BR03,2024-11-10,59000,59000
DP0650,TL01,BR06,2024-10-06,194500,194500
DP0651,TL04,BR04,2024-07-10,198000,198000
DP0652,TL05,BR03,2024-12-24,149500,149500
DP0653,TL02,BR01,2024-05-09,133500,133500
DP0654,TL11,BR02,2024-02-25,108000,108000
DP0655,TL10,BR01,2024-08-29,136500,136500
DP0656,TL02,BR01,2024-05-22,115500,115500
DP0657,TL04,BR04,2024-09-21,58000,58000
DP0658,TL01,BR06,2024-02-15,196500,196500
DP0659,TL03,BR05,2024-08-02,116500,116500
DP0660,TL07,BR01,2024-01-22,38000,33000
DP0661,TL09,BR07,2024-10-12,182500,182500
DP0662,TL10,BR01,2024-08-17,76000,76000
DP0663,TL01,BR06,2024-12-04,188500,188500
DP0664,TL12,BR02,2024-01-18,70000,70000
DP0665,TL12,BR02,2024-11-10,72000,72000
DP0666,TL03,BR05,2024-11-21,58500,58500
DP0667,TL04,BR04,2024-07-15,75000,75000
DP0668,TL05,BR03,2024-12-01,154000,154000
DP0669,TL04,BR04,2024-11-19,193000,193000
DP0670,TL04,BR04,2024-01-31,38500,38500
DP0671,TL02,BR01,2024-06-11,200000,200000
DP0672,TL03,BR05,2024-06-13,168000,168000
DP0673,TL01,BR06,2024-06-17,55000,55000
DP0674,TL10,BR01,2024-03-10,147500,147500
DP0675,TL04,BR04,2024-05-02,55500,55500
DP0676,TL07,BR01,2024-08-24,147500,147500
DP0677,TL07,BR01,2024-11-11,83000,83000
DP0678,TL03,BR05,2024-08-10,95500,95500
DP0679,TL04,BR04,2024-04-30,171000,171000
DP0680,TL12,BR02,2024-09-13,115500,115500
DP0681,TL12,BR02,2024-04-21,146500,146500
DP0682,TL02,BR01,2024-04-10,58500,58500
DP0683,TL05,BR03,2024-06-21,21500,21500
DP0684,TL08,BR02,2024-10-23,164500,164500
DP0685,TL01,BR06,2024-11-22,190000,190000
DP0686,TL08,BR02,2024-10-01,198000,198000
DP0687,TL04,BR04,2024-06-25,64000,64000
DP0688,TL11,BR02,2024-08-06,117000,117000
DP0689,TL07,BR01,2024-03-21,85000,85000
DP0690,TL07,BR01,2024-03-24,196000,194000
DP0691,TL03,BR05,2024-12-25,7000,7000
DP0692,TL06,BR03,2024-10-21,160000,160000
DP0693,TL04,BR04,2024-05-24,15500,15500
DP0694,TL07,BR01,2024-03-27,135500,135500
DP0695,TL04,BR04,2024-03-19,115500,115500
DP0696,TL04,BR04,2024-08-06,69500,69500
DP0697,TL06,BR03,2024-04-10,86500,86500
DP0698,TL06,BR03,2024-08-29,2000,2000
DP0699,TL06,BR03,2024-04-29,177000,177500
DP0700,TL06,BR03,2024-01-14,162500,162500
DP0701,TL02,BR01,2024-10-07,115000,115000
DP0702,TL06,BR03,2024-03-18,29000,29000
DP0703,TL11,BR02,2024-04-14,97500,97500
DP0704,TL05,BR03,2024-04-15,197500,197500
DP0705,TL01,BR06,2024-03-23,115500,115500
DP0706,TL11,BR02,2024-08-12,119500,119500
DP0707,TL01,BR06,2024-07-28,82000,82000
DP0708,TL10,BR01,2024-02-01,105500,105500
DP0709,TL07,BR01,2024-10-31,191500,191500
DP0710,TL12,BR02,2024-09-27,184000,184000
DP0711,TL08,BR02,2024-03-02,77000,77000
DP0712,TL03,BR05,2024-09-27,55000,55000
DP0713,TL03,BR05,2024-07-23,126000,126000
DP0714,TL08,BR02,2024-07-14,70500,70500
DP0715,TL08,BR02,2024-10-21,53000,53000
DP0716,TL07,BR01,2024-05-17,155500,155500
DP0717,TL07,BR01,2024-05-10,157000,156500
DP0718,TL12,BR02,2024-05-18,105000,105000
DP0719,TL09,BR07,2024-09-09,187500,187500
DP0720,TL04,BR04,2024-04-01,131000,131000
DP0721,TL08,BR02,2024-09-24,1000,1000
DP0722,TL07,BR01,2024-08-25,17500,17500
DP0723,TL10,BR01,2024-07-24,104500,104500
DP0724,TL07,BR01,2024-05-23,169000,167000
DP0725,TL09,BR07,2024-07-25,194000,194000
DP0726,TL04,BR04,2024-09-29,43500,43500
DP0727,TL01,BR06,2024-03-25,54500,54500
DP0728,TL09,BR07,2024-04-20,116000,116000
DP0729,TL07,BR01,2024-02-11,27500,27000
DP0730,TL11,BR02,2024-01-11,127000,127000
DP0731,TL01,BR06,2024-03-10,125000,125000
DP0732,TL05,BR03,2024-11-16,164500,164500
DP0733,TL01,BR06,2024-02-06,115500,115500
DP0734,TL01,BR06,2024-12-05,93500,93500
DP0735,TL10,BR01,2024-09-05,190000,190000
DP0736,TL02,BR01,2024-11-19,139500,139500
DP0737,TL07,BR01,2024-10-25,22000,22000
DP0738,TL03,BR05,2024-12-31,162500,162500
DP0739,TL03,BR05,2024-08-08,81000,81000
DP0740,TL03,BR05,2024-04-27,117500,117500
DP0741,TL12,BR02,2024-05-06,59500,59500
DP0742,TL08,BR02,2024-07-22,186500,186500
DP0743,TL03,BR05,2024-12-14,17500,17500
DP0744,TL06,BR03,2024-04-05,175000,175000
DP0745,TL06,BR03,2024-09-20,133000,133000
DP0746,TL12,BR02,2024-06-19,151000,151000
DP0747,TL08,BR02,2024-11-19,198000,198000
DP0748,TL07,BR01,2024-09-22,80500,80500
DP0749,TL07,BR01,2024-12-06,130000,129500
DP0750,TL06,BR03,2024-03-23,43500,43500
DP0751,TL07,BR01,2024-05-12,7000,2000
DP0752,TL10,BR01,2024-02-23,41500,41500
DP0753,TL03,BR05,2024-06-24,29000,29000
DP0754,TL08,BR02,2024-09-08,61500,61500
DP0755,TL10,BR01,2024-03-26,132000,132000
DP0756,TL02,BR01,2024-10-24,150500,150500
DP0757,TL03,BR05,2024-07-22,83500,83500
DP0758,TL05,BR03,2024-02-26,191000,191000
DP0759,TL10,BR01,2024-01-12,198500,198500
DP0760,TL11,BR02,2024-01-22,142500,142500
DP0761,TL08,BR02,2024-08-31,106000,106000
DP0762,TL07,BR01,2024-05-08,79000,79000
DP0763,TL10,BR01,2024-11-25,122000,122000
DP0764,TL07,BR01,2024-12-19,19500,19500
DP0765,TL05,BR03,2024-06-18,99000,99000
DP0766,TL01,BR06,2024-10-08,133000,133000
DP0767,TL03,BR05,2024-11-10,199500,199500
DP0768,TL05,BR03,2024-10-10,193500,193500
DP0769,TL08,BR02,2024-04-13,1000,1000
DP0770,TL01,BR06,2024-02-17,12000,12000
DP0771,TL07,BR01,2024-07-10,47500,47500
DP0772,TL10,BR01,2024-02-12,117500,117500
DP0773,TL12,BR02,2024-05-23,103500,103500
DP0774,TL09,BR07,2024-11-18,85000,85000
DP0775,TL11,BR02,2024-02-27,181500,181500
DP0776,TL10,BR01,2024-07-01,97000,97000
DP0777,TL06,BR03,2024-02-05,147000,147000
DP0778,TL02,BR01,2024-03-10,158000,158000
DP0779,TL12,BR02,2024-12-21,70500,70500
DP0780,TL08,BR02,2024-06-03,156500,156500
DP0781,TL05,BR03,2024-04-29,82500,82500
DP0782,TL02,BR01,2024-07-17,113000,113000
DP0783,TL11,BR02,2024-12-20,197000,197000
DP0784,TL09,BR07,2024-07-31,146500,146500
DP0785,TL05,BR03,2024-11-27,84500,84500
DP0786,TL04,BR04,2024-07-10,85000,85000
DP0787,TL06,BR03,2024-09-15,29000,29000
DP0788,TL01,BR06,2024-06-29,163500,163500
DP0789,TL02,BR01,2024-02-27,119000,119000
DP0790,TL11,BR02,2024-11-11,94500,94500
DP0791,TL08,BR02,2024-03-20,7500,7500
DP0792,TL05,BR03,2024-07-21,61500,61500
DP0793,TL04,BR04,2024-01-20,166500,166500
DP0794,TL08,BR02,2024-04-01,25000,25000
DP0795,TL06,BR03,2024-03-28,150500,150500
DP0796,TL06,BR03,2024-08-13,118500,118500
DP0797,TL07,BR01,2024-11-08,178500,176500
DP0798,TL11,BR02,2024-12-19,197000,197000
DP0799,TL12,BR02,2024-04-12,147500,147500
DP0800,TL01,BR06,2024-02-05,120500,120500
DP0801,TL07,BR01,2024-09-10,93000,92000
DP0802,TL12,BR02,2024-02-12,3000,3000
DP0803,TL12,BR02,2024-06-12,159000,159000
DP0804,TL01,BR06,2024-07-29,116000,116000
DP0805,TL05,BR03,2024-02-24,188000,188000
DP0806,TL09,BR07,2024-11-15,27500,27500
DP0807,TL11,BR02,2024-03-23,33500,33500
DP0808,TL04,BR04,2024-11-24,69500,69500
DP0809,TL10,BR01,2024-01-15,122500,122500
DP0810,TL02,BR01,2024-02-15,13000,13000
DP0811,TL02,BR01,2024-01-07,90500,90500
DP0812,TL07,BR01,2024-11-29,62000,62000
DP0813,TL05,BR03,2024-01-07,144500,144500
DP0814,TL12,BR02,2024-12-03,37000,37000
DP0815,TL02,BR01,2024-07-20,5500,5500
DP0816,TL12,BR02,2024-05-06,8000,8000
DP0817,TL04,BR04,2024-07-12,171500,171500
DP0818,TL01,BR06,2024-08-18,12000,12000
DP0819,TL08,BR02,2024-11-16,88000,88000
DP0820,TL01,BR06,2024-11-30,115000,115000
DP0821,TL12,BR02,2024-01-24,29500,29500
DP0822,TL09,BR07,2024-07-16,199000,200000
DP0823,TL07,BR01,2024-11-17,101500,101500
DP0824,TL04,BR04,2024-10-15,63500,63500
DP0825,TL09,BR07,2024-05-02,136500,135500
DP0826,TL02,BR01,2024-09-17,186500,186500
DP0827,TL04,BR04,2024-05-08,185500,185500
DP0828,TL12,BR02,2024-08-10,197500,197500
DP0829,TL08,BR02,2024-03-12,63500,63500
DP0830,TL12,BR02,2024-11-13,5000,5000
DP0831,TL05,BR03,2024-09-19,31000,31000
DP0832,TL08,BR02,2024-05-28,78000,78000
DP0833,TL06,BR03,2024-07-04,196000,196000
DP0834,TL01,BR06,2024-01-26,79500,79500
DP0835,TL05,BR03,2024-10-24,123000,123000
DP0836,TL06,BR03,2024-12-24,133000,133000
DP0837,TL07,BR01,2024-09-08,175000,175000
DP0838,TL10,BR01,2024-01-24,171500,171500
DP0839,TL04,BR04,2024-12-15,26000,26000
DP0840,TL02,BR01,2024-05-28,61500,61500
DP0841,TL05,BR03,2024-05-24,117500,117500
DP0842,TL02,BR01,2024-01-29,28500,27500
DP0843,TL05,BR03,2024-12-24,49500,49500
DP0844,TL02,BR01,2024-07-11,165000,165000
DP0845,TL03,BR05,2024-05-15,98500,98500
DP0846,TL08,BR02,2024-10-23,197000,197000
DP0847,TL09,BR07,2024-09-02,17000,17000
DP0848,TL02,BR01,2024-09-13,112000,112000
DP0849,TL07,BR01,2024-05-15,116000,114000
DP0850,TL07,BR01,2024-10-14,10500,10500
DP0851,TL04,BR04,2024-11-06,109500,109500
DP0852,TL04,BR04,2024-04-14,89000,89000
DP0853,TL05,BR03,2024-01-01,79000,79000
DP0854,TL07,BR01,2024-04-07,85500,85500
DP0855,TL06,BR03,2024-12-10,150000,150000
DP0856,TL12,BR02,2024-09-18,37500,37500
DP0857,TL11,BR02,2024-11-20,56500,56500
DP0858,TL08,BR02,2024-02-16,149500,149500
DP0859,TL04,BR04,2024-04-12,107500,107500
DP0860,TL11,BR02,2024-07-13,93500,93500
DP0861,TL12,BR02,2024-05-27,122500,122500
DP0862,TL01,BR06,2024-05-05,8500,8500
DP0863,TL01,BR06,2024-08-13,38500,38500
DP0864,TL12,BR02,2024-09-06,47000,47000
DP0865,TL11,BR02,2024-03-21,70000,70000
DP0866,TL03,BR05,2024-05-15,53000,53000
DP0867,TL10,BR01,2024-01-15,94000,94000
DP0868,TL04,BR04,2024-08-31,39000,39000
DP0869,TL12,BR02,2024-05-13,34000,34000
DP0870,TL06,BR03,2024-05-06,39500,39000
DP0871,TL04,BR04,2024-04-01,85500,85500
DP0872,TL07,BR01,2024-09-13,69500,69500
DP0873,TL03,BR05,2024-02-28,14500,14500
DP0874,TL06,BR03,2024-02-21,195000,195000
DP0875,TL05,BR03,2024-12-10,113500,113500
DP0876,TL06,BR03,2024-12-25,179500,179500
DP0877,TL06,BR03,2024-08-05,69000,69000
DP0878,TL06,BR03,2024-06-05,140000,140000
DP0879,TL12,BR02,2024-03-03,78500,78500
DP0880,TL05,BR03,2024-04-16,39500,39500
DP0881,TL12,BR02,2024-03-27,124500,124500
DP0882,TL11,BR02,2024-10-19,15000,15000
DP0883,TL07,BR01,2024-05-09,109000,108000
DP0884,TL09,BR07,2024-03-26,28500,28500
DP0885,TL01,BR06,2024-03-14,51500,51500
DP0886,TL03,BR05,2024-09-11,73500,73500
DP0887,TL09,BR07,2024-05-12,64000,64000
DP0888,TL09,BR07,2024-11-06,186500,186500
DP0889,TL07,BR01,2024-12-14,61500,61500
DP0890,TL05,BR03,2024-10-14,91500,91500
DP0891,TL06,BR03,2024-04-19,132000,132000
DP0892,TL02,BR01,2024-11-20,64000,64000
DP0893,TL11,BR02,2024-04-23,65500,65500
DP0894,TL04,BR04,2024-05-28,147500,147500
DP0895,TL11,BR02,2024-04-01,61500,61500
DP0896,TL10,BR01,2024-10-06,120000,120000
DP0897,TL07,BR01,2024-03-06,36000,36000
DP0898,TL12,BR02,2024-06-08,138500,138500
DP0899,TL12,BR02,2024-08-25,73000,73000
DP0900,TL07,BR01,2024-09-07,47500,47500
